student_id,student_name,campus_id,facilitator_email,grade,parent_phone,target_score,learning_track,parent_phone_valid,latest_quiz_date,latest_quiz_score,latest_quiz_number,quiz_count,previous_quiz_score,quiz_score_delta,has_quiz,days_until_next_quiz,recent_days_observed,recent_sessions_attended,recent_attendance_min_avg,recent_practice_questions_avg,recent_practice_questions_total,recent_zero_attendance_days,recent_attendance_rate,post_quiz_days_observed,post_quiz_sessions_attended,post_quiz_attendance_min_avg,post_quiz_practice_questions_total,post_quiz_zero_attendance_days,post_quiz_attendance_rate,notes_count,latest_note_date,latest_note_text,notes_history,days_since_latest_note,target_gap,failed_latest_quiz
S001,Nora Al-Salem,C01,facilitator1@noon.com,10,+966501234501,90,Standard,True,2025-10-10,89.0,1,1,,,True,6,5,5,88.2,17.0,85,0,0.98,3,3,87.66666666666667,49,0,0.9740740740740741,0.0,,,,999.0,1.0,False
S002,Layla Al-Rashid,C01,facilitator1@noon.com,11,+966501234502,95,Accelerated,True,2025-10-10,92.0,1,1,,,True,6,5,5,88.6,19.4,97,0,0.9844444444444443,3,3,88.33333333333333,56,0,0.9814814814814814,0.0,,,,999.0,3.0,False
S003,Ahmad Al-Mutairi,C01,facilitator1@noon.com,10,+966501234503,88,Standard,True,2025-10-10,87.0,1,1,,,True,6,5,5,88.0,18.0,90,0,0.9777777777777777,3,3,88.33333333333333,52,0,0.9814814814814814,0.0,,,,999.0,1.0,False
S004,Fatima Al-Qahtani,C01,facilitator1@noon.com,11,+966501234504,45,Remedial,True,2025-10-10,42.0,1,1,,,True,6,5,5,45.0,1.4,7,0,0.5,3,3,45.0,3,0,0.5,2.0,2025-10-14,احمد لسا على نفس الوضع. حاولت اتواصل مع الاهل بدون نتيجة,"10-03: احمد حضور ضعيف وتمارين شبه معدومة. حالة تحتاج تدخل عاجل
10-14: احمد لسا على نفس الوضع. حاولت اتواصل مع الاهل بدون نتيجة",0.0,3.0,True
S005,Omar Al-Harbi,C01,facilitator1@noon.com,10,+966501234505,85,Standard,True,2025-10-10,85.0,1,1,,,True,6,5,3,52.6,9.6,48,2,0.5844444444444444,3,1,28.333333333333332,12,2,0.3148148148148148,4.0,2025-10-14,احمد محتاج متابعه فورية. الموضوع بدا من مشكلة الالعاب بس الحين صار اسوأ,"10-06: اتصلت على ام احمد بخصوص غيابه الاخير. قالت انه يسهر على الالعاب. وعدت انها راح تراقب وقت الجوال. راح اتابع معاها الخميس
10-11: احمد ما حضر اليوم. ارسلت واتساب للام، ما ردت
10-13: لسا ما في احمد. اتصلت مرتين على الام، ما ردت. قلقانه عليه
10-14: احمد محتاج متابعه فورية. الموضوع بدا من مشكلة الالعاب بس الحين صار اسوأ",0.0,0.0,False
S006,Sara Al-Dossari,C01,facilitator1@noon.com,11,+966501234506,90,Standard,True,2025-10-10,88.0,1,1,,,True,6,5,4,57.4,10.6,53,1,0.6377777777777778,3,2,38.333333333333336,16,1,0.42592592592592593,2.0,2025-10-14,فاطمة غايبه اليوم. اتصلت على ابوها، قال في مشكله عائليه - راح ترجع الاسبوع الجاي ان شاء الله,"10-13: فاطمة جت ٢٥ دقيقة بس وطلعت فجأة. كانت منزعجه بس ما قالت ليش
10-14: فاطمة غايبه اليوم. اتصلت على ابوها، قال في مشكله عائليه - راح ترجع الاسبوع الجاي ان شاء الله",0.0,2.0,False
S007,Khalid Al-Shammari,C01,facilitator1@noon.com,10,+966501234507,75,Remedial,True,2025-10-10,68.0,1,1,,,True,6,5,5,65.8,17.2,86,0,0.731111111111111,3,3,69.0,54,0,0.7666666666666667,2.0,2025-10-12,ابو عمر اتصل يشكرني! قال عمر صار واثق بنفسه اكثر. حلو اسمع كذا :),"10-05: عمر كان يتعثر بالاول بس الحين تحسن. قعدت معاه بعد الحصة اشرح له الكسور
10-12: ابو عمر اتصل يشكرني! قال عمر صار واثق بنفسه اكثر. حلو اسمع كذا :)",2.0,7.0,True
S008,Maryam Al-Zahrani,C01,facilitator1@noon.com,11,+966501234508,80,Standard,True,2025-10-10,62.0,1,1,,,True,6,5,5,87.6,0.6,3,0,0.9733333333333333,3,3,88.33333333333333,2,0,0.9814814814814814,3.0,2025-10-14,سارة لسا ما فهمت العلاقة بين التمارين والنتائج. والام مو متعاونه. صعب نساعدها بهالطريقة,"10-04: سارة تحضر كل الحصص بس ما تسوي تمارين ابداً. كلمتها - قالت ما تشوف فايدة
10-09: اتصلت على ام سارة بخصوص التمارين. الام كانت دفاعية: 'هي تحضر الحصص، ايش اكثر من كذا تبون؟' مو متعاونه
10-14: سارة لسا ما فهمت العلاقة بين التمارين والنتائج. والام مو متعاونه. صعب نساعدها بهالطريقة",0.0,18.0,True
S009,Abdullah Al-Maliki,C01,facilitator1@noon.com,10,+966501234509,70,Standard,True,2025-10-10,58.0,1,1,,,True,6,5,5,38.6,34.0,170,0,0.42888888888888893,3,3,40.0,98,0,0.4444444444444444,4.0,2025-10-14,محمد بدا يتحسن بعد ما كلمته عن الثقة بالنفس. لسا طريق طويل بس البداية ايجابية,"10-02: محمد يحل اسئله سهله كثير بس يهرب من الصعبه. لازم يتحدى نفسه اكثر
10-14: كلمت محمد عن نوعية التمارين. قال الاسئله الصعبه تخليه يحس انه غبي. لازم نشتغل على ثقته بنفسه
10-14: محمد محتاج دعم نفسي اكثر من دعم اكاديمي. مشكلته بالثقة بالنفس مو بالفهم
10-14: محمد بدا يتحسن بعد ما كلمته عن الثقة بالنفس. لسا طريق طويل بس البداية ايجابية",0.0,12.0,True
S010,Nora Al-Ghamdi,C01,facilitator1@noon.com,11,+966501234510,90,Standard,True,2025-10-10,86.0,1,1,,,True,6,5,5,88.2,17.4,87,0,0.98,3,3,87.66666666666667,52,0,0.9740740740740741,0.0,,,,999.0,4.0,False
S011,Hassan Al-Otaibi,C01,facilitator1@noon.com,10,+966501234511,95,Accelerated,True,2025-10-10,91.0,1,1,,,True,6,5,5,89.0,21.6,108,0,0.9888888888888889,3,3,89.0,63,0,0.9888888888888889,0.0,,,,999.0,4.0,False
S012,Amal Al-Juhani,C01,facilitator1@noon.com,11,+966501234512,35,Remedial,True,2025-10-10,28.0,1,1,,,True,6,5,3,21.0,0.6,3,2,0.23333333333333334,3,1,10.0,0,2,0.1111111111111111,3.0,2025-10-14,يوسف الوضع معاه يوضح اهمية التواصل مع الاهل من اول يوم. لو كنا عرفنا الموضوع قبل كان وضعه افضل,"10-08: حاولت اتصل على اهل يوسف ٣ مرات اليوم. ما في رد. يوسف فاته الاختبار
10-12: اخيراً وصلت لأبو يوسف - ما كان يدري عن البرنامج اصلاً! قال المدرسه ما قالت لهم شي. كان منزعج بس يبي يوسف يكمل
10-14: يوسف الوضع معاه يوضح اهمية التواصل مع الاهل من اول يوم. لو كنا عرفنا الموضوع قبل كان وضعه افضل",0.0,7.0,True
S013,Yousef Al-Balawi,C01,facilitator1@noon.com,10,+966501234513,85,Standard,True,2025-10-10,84.0,1,1,,,True,6,5,5,71.6,12.4,62,0,0.7955555555555555,3,3,61.0,27,0,0.6777777777777778,3.0,2025-10-14,نور كلمتها على جنب بعد الحصة. سألتها اذا في شي يضايقها. قالت لا بس ما بينت مرتاحه,"10-13: نور شكلها مشغولة البال. جت ٥٠ دقيقة بس اليوم، عادة تجي كامل الحصة
10-14: نور جت ٤٥ دقيقة وطلعت بدري مره ثانيه. سألتها اذا كل شي تمام، قالت ايوا بس شكلها مو مرتاحه
10-14: نور كلمتها على جنب بعد الحصة. سألتها اذا في شي يضايقها. قالت لا بس ما بينت مرتاحه",0.0,1.0,False
S014,Layla Al-Subai,C01,facilitator1@noon.com,11,+966501234514,70,Standard,True,2025-10-10,65.0,1,1,,,True,6,5,5,69.0,9.6,48,0,0.7666666666666667,3,3,70.0,30,0,0.7777777777777778,0.0,,,,999.0,5.0,True
S015,Ahmad Al-Faraj,C01,facilitator1@noon.com,10,+966501234515,75,Standard,True,2025-10-10,58.0,1,1,,,True,6,5,5,88.2,0.4,2,0,0.98,3,3,87.66666666666667,1,0,0.9740740740740741,3.0,2025-10-14,خالد نفس مشكلة كثير طلاب - يفكر ان الفهم بالحصة كافي. لازم نركز على توعية الطلاب باهمية الممارسة,"10-04: خالد يحضر بس ما يتمرن ابداً. درجة الاختبار واضحه - ٥٨ بس
10-08: كلمت خالد عن التمارين. يقول يفهم كل شي بالحصة فليش يتمرن؟ لازم يشوف العلاقة بين التمارين والدرجات
10-14: خالد نفس مشكلة كثير طلاب - يفكر ان الفهم بالحصة كافي. لازم نركز على توعية الطلاب باهمية الممارسة",0.0,17.0,True
S016,Fatima Al-Khaldi,C01,facilitator1@noon.com,11,+966501234516,65,Remedial,True,2025-10-10,55.0,1,1,,,True,6,5,5,50.4,14.0,70,0,0.5599999999999999,3,3,50.0,40,0,0.5555555555555556,0.0,,,,999.0,10.0,True
S017,Omar Al-Harbi,C01,facilitator1@noon.com,10,+966501234517,85,Standard,True,2025-10-10,83.0,1,1,,,True,6,5,5,75.6,13.0,65,0,0.84,3,3,66.66666666666667,29,0,0.7407407407407408,3.0,2025-10-14,امل محتاجه دعم عاطفي. المشاكل العائلية اثرت عليها بس لسا محافظه على الحضور. هذا شي ايجابي,"10-11: امل كانت تبكي اليوم - سألتها، قالت مشاكل عائلية
10-13: امل لسا حزينه بس حضرت كامل الحصة. تركتها بحالها، بس تأكدت انها بخير. هزت راسها
10-14: امل محتاجه دعم عاطفي. المشاكل العائلية اثرت عليها بس لسا محافظه على الحضور. هذا شي ايجابي",0.0,2.0,False
S018,Sara Al-Hamed,C01,facilitator1@noon.com,11,+966501234518,92,Accelerated,True,2025-10-10,90.0,1,1,,,True,6,5,5,89.0,23.0,115,0,0.9888888888888889,3,3,89.0,68,0,0.9888888888888889,0.0,,,,999.0,2.0,False
S019,Khalid Al-Anzi,C01,facilitator1@noon.com,10,+966501234519,50,Remedial,True,2025-10-10,38.0,1,1,,,True,6,5,5,42.4,2.4,12,0,0.4711111111111111,3,3,42.333333333333336,6,0,0.4703703703703704,1.0,2025-10-04,فاطمة حضور ضعيف ودرجات متدنية. محتاجه دعم شامل,10-04: فاطمة حضور ضعيف ودرجات متدنية. محتاجه دعم شامل,10.0,12.0,True
S020,Maryam Al-Shahrani,C01,facilitator1@noon.com,11,+966501234520,88,Standard,True,2025-10-10,87.0,1,1,,,True,6,5,5,88.2,18.8,94,0,0.98,3,3,87.66666666666667,57,0,0.9740740740740741,0.0,,,,999.0,1.0,False
S021,Abdullah Al-Ghamdi,C01,facilitator2@noon.com,10,+966501234521,87,Standard,True,2025-10-10,85.0,1,1,,,True,6,5,5,87.4,17.0,85,0,0.9711111111111111,3,3,88.33333333333333,49,0,0.9814814814814814,0.0,,,,999.0,2.0,False
S022,Nora Al-Qaisi,C01,facilitator2@noon.com,11,+966501234522,40,Remedial,True,2025-10-10,32.0,1,1,,,True,6,5,5,38.0,0.4,2,0,0.4222222222222222,3,3,37.666666666666664,1,0,0.4185185185185185,0.0,,,,999.0,8.0,True
S023,Hassan Al-Dossari,C01,facilitator2@noon.com,10,+966501234523,90,Standard,True,2025-10-10,88.0,1,1,,,True,6,5,3,52.6,11.8,59,2,0.5844444444444444,3,1,28.333333333333332,17,2,0.3148148148148148,3.0,2025-10-14,ليلى غيابها غريب. درجتها كانت ممتازه وما كان في اي مؤشرات لمشكله. لازم نتواصل مع الاهل,"10-11: ليلى كانت موجوده امس بس اليوم ما جت. درجتها بالاختبار كانت ٨٨ يعني ممتازه
10-14: لسا ما في ليلى. ارسلت واتساب للوالدين. ما في رد لحد الان
10-14: ليلى غيابها غريب. درجتها كانت ممتازه وما كان في اي مؤشرات لمشكله. لازم نتواصل مع الاهل",0.0,2.0,False
S024,Amal Al-Mutlaq,C01,facilitator2@noon.com,11,+966501234524,70,Standard,True,2025-10-10,62.0,1,1,,,True,6,5,5,50.4,24.0,120,0,0.5599999999999999,3,3,50.0,68,0,0.5555555555555556,3.0,2025-10-14,عبدالله بدا يحل اسئلة صعبة شوي. التقدم بطيء بس موجود,"10-03: عبدالله يحل كمية تمارين كبيرة بس كلها سهلة. لازم ينتقل للمستوى الصعب
10-14: كلمت عبدالله عن نوعية التمارين. شرحت له ان الكمية مو كل شي، النوعية اهم
10-14: عبدالله بدا يحل اسئلة صعبة شوي. التقدم بطيء بس موجود",0.0,8.0,True
S025,Yousef Al-Harbi,C01,facilitator2@noon.com,10,+966501234525,86,Standard,True,2025-10-10,84.0,1,1,,,True,6,5,5,88.2,18.0,90,0,0.98,3,3,87.66666666666667,52,0,0.9740740740740741,0.0,,,,999.0,2.0,False
S026,Layla Al-Thani,C01,facilitator2@noon.com,11,+966501234526,91,Accelerated,True,2025-10-10,89.0,1,1,,,True,6,5,5,89.0,22.2,111,0,0.9888888888888889,3,3,89.0,65,0,0.9888888888888889,0.0,,,,999.0,2.0,False
S027,Ahmad Al-Salem,C01,facilitator2@noon.com,10,+966501234527,48,Remedial,True,2025-10-10,40.0,1,1,,,True,6,5,5,41.0,2.4,12,0,0.45555555555555555,3,3,40.666666666666664,7,0,0.45185185185185184,1.0,2025-10-03,عمر يعاني بكل المجالات. لازم نتدخل بسرعة,10-03: عمر يعاني بكل المجالات. لازم نتدخل بسرعة,11.0,8.0,True
S028,Fatima Al-Mansour,C01,facilitator2@noon.com,11,+966501234528,88,Standard,True,2025-10-10,86.0,1,1,,,True,6,5,5,62.6,11.6,58,0,0.6955555555555556,3,3,45.0,19,0,0.5,3.0,2025-10-14,مريم جت ٢٠ دقيقة وطلعت. اتصلت على امها، قالت مريم تعبانه بس ما بت تفوت كل الحصة,"10-13: مريم جت ٣٠ دقيقة بس اليوم. غريب عليها - عادة منتظمه مره
10-13: كلمت ام مريم - قالت مريم تعبانه بس تصر تحضر. قلت لها خليها ترتاح احسن
10-14: مريم جت ٢٠ دقيقة وطلعت. اتصلت على امها، قالت مريم تعبانه بس ما بت تفوت كل الحصة",0.0,2.0,False
S029,Omar Al-Zahrani,C01,facilitator2@noon.com,10,+966501234529,72,Standard,True,2025-10-10,68.0,1,1,,,True,6,5,5,70.4,11.0,55,0,0.7822222222222223,3,3,70.0,33,0,0.7777777777777778,0.0,,,,999.0,4.0,True
S030,Sara Al-Turki,C01,facilitator2@noon.com,11,+966501234530,75,Standard,True,2025-10-10,60.0,1,1,,,True,6,5,5,87.4,0.8,4,0,0.9711111111111111,3,3,88.33333333333333,3,0,0.9814814814814814,2.0,2025-10-14,حسن مثال ثاني على نمط 'الحضور كافي'. لازم نعمل حملة توعية شاملة عن اهمية التمارين,"10-02: حسن يحضر دايم بس ما يتمرن. نفس مشكلة خالد - يفكر الحضور كافي
10-14: حسن مثال ثاني على نمط 'الحضور كافي'. لازم نعمل حملة توعية شاملة عن اهمية التمارين",0.0,15.0,True
S031,Khalid Al-Rashidi,C01,facilitator2@noon.com,10,+966501234531,85,Standard,True,2025-10-10,83.0,1,1,,,True,6,5,5,88.0,17.8,89,0,0.9777777777777777,3,3,88.33333333333333,52,0,0.9814814814814814,0.0,,,,999.0,2.0,False
S032,Maryam Al-Otaibi,C01,facilitator2@noon.com,11,+966501234532,93,Accelerated,True,2025-10-10,92.0,1,1,,,True,6,5,5,89.0,23.2,116,0,0.9888888888888889,3,3,89.0,68,0,0.9888888888888889,0.0,,,,999.0,1.0,False
S033,Abdullah Al-Saud,C01,facilitator2@noon.com,10,+966501234533,38,Remedial,True,2025-10-10,30.0,1,1,,,True,6,5,5,35.4,0.4,2,0,0.3933333333333333,3,3,35.0,1,0,0.3888888888888889,1.0,2025-10-04,سارة حالة قلقه. حضور سيء وتمارين معدومة تقريباً,10-04: سارة حالة قلقه. حضور سيء وتمارين معدومة تقريباً,10.0,8.0,True
S034,Nora Al-Harbi,C01,facilitator2@noon.com,11,+966501234534,89,Standard,True,2025-10-10,87.0,1,1,,,True,6,5,5,88.2,19.8,99,0,0.98,3,3,87.66666666666667,58,0,0.9740740740740741,0.0,,,,999.0,2.0,False
S035,Hassan Al-Qahtani,C01,facilitator2@noon.com,10,+966501234535,65,Remedial,True,2025-10-10,57.0,1,1,,,True,6,5,5,47.6,19.6,98,0,0.5288888888888889,3,3,47.666666666666664,55,0,0.5296296296296296,2.0,2025-10-14,فاطمة لسا ما غيرت استراتيجيتها. محتاجه متابعة اقرب,"10-04: فاطمة تسوي تمارين كثير بس كلها من المستوى السهل. درجتها بالاختبار تثبت ان هذا مو كافي
10-14: فاطمة لسا ما غيرت استراتيجيتها. محتاجه متابعة اقرب",0.0,8.0,True
S036,Amal Al-Khalifa,C01,facilitator2@noon.com,11,+966501234536,87,Standard,True,2025-10-10,85.0,1,1,,,True,6,5,5,88.2,18.0,90,0,0.98,3,3,87.66666666666667,52,0,0.9740740740740741,0.0,,,,999.0,2.0,False
S037,Yousef Al-Ghamdi,C01,facilitator2@noon.com,10,+966501234537,90,Standard,True,2025-10-10,88.0,1,1,,,True,6,5,5,89.0,21.2,106,0,0.9888888888888889,3,3,89.0,62,0,0.9888888888888889,0.0,,,,999.0,2.0,False
S038,Layla Al-Shammari,C01,facilitator2@noon.com,11,+966501234538,42,Remedial,True,2025-10-10,35.0,1,1,,,True,6,5,5,38.0,1.4,7,0,0.4222222222222222,3,3,37.666666666666664,3,0,0.4185185185185185,1.0,2025-10-03,محمد من الطلاب المتعثرين. محتاج خطة تدخل مكثفة,10-03: محمد من الطلاب المتعثرين. محتاج خطة تدخل مكثفة,11.0,7.0,True
S039,Ahmad Al-Dossari,C01,facilitator2@noon.com,10,+966501234539,86,Standard,True,2025-10-10,84.0,1,1,,,True,6,5,4,56.6,11.2,56,1,0.6288888888888889,3,2,35.0,17,1,0.3888888888888889,3.0,2025-10-14,حاولت اتصل على اهل عبدالله مرتين، ما في رد. الواتساب ما وصل كمان,"10-13: عبدالله كان موجود طول الاسبوع وفجأة وقف يجي. درجته بالاختبار كانت ٨٤ يعني مو مشكلة اداء
10-14: لسا ما في عبدالله. الواتساب ما وصل - يمكن الجوال مسكر؟ راح احاول اتصل بكره
10-14: حاولت اتصل على اهل عبدالله مرتين، ما في رد. الواتساب ما وصل كمان",0.0,2.0,False
S040,Fatima Al-Maliki,C01,facilitator2@noon.com,11,+966501234540,70,Standard,True,2025-10-10,66.0,1,1,,,True,6,5,5,70.0,10.0,50,0,0.7777777777777778,3,3,70.0,30,0,0.7777777777777778,0.0,,,,999.0,4.0,True
S041,Omar Al-Juhani,C02,facilitator3@noon.com,10,+966501234541,75,Standard,True,2025-10-10,59.0,1,1,,,True,6,5,5,88.0,0.4,2,0,0.9777777777777777,3,3,87.33333333333333,1,0,0.9703703703703703,2.0,2025-10-14,نورة مشكلتها كانت بسيطه - الاهل ما كانوا يدرون المطلوب. بعد ما وضحنا الموضوع، المفروض تتحسن,"10-03: نورة تحضر تمام بس صفر تمارين. كلمت اهلها - ما كانوا يدرون ان التمارين مطلوبه! كانوا يفكرون الحصص كافية
10-14: نورة مشكلتها كانت بسيطه - الاهل ما كانوا يدرون المطلوب. بعد ما وضحنا الموضوع، المفروض تتحسن",0.0,16.0,True
S042,Sara Al-Balawi,C02,facilitator3@noon.com,11,+966501234542,84,Standard,True,2025-10-08,82.0,1,1,,,True,6,5,4,70.0,11.8,59,1,0.7777777777777778,3,3,87.66666666666667,45,0,0.9740740740740741,3.0,2025-10-13,فاطمة رجعت بس شكلها متأخره. عرضت عليها مساعده اضافية بعد الحصة، رفضت,"10-03: فاطمة شكلها مشتته، تتفحص جوالها وقت الحصة
10-08: ابوها ارسل واتساب - فاطمة كانت مريضه طول الاسبوع. راح ترجع الاثنين ان شاء الله
10-13: فاطمة رجعت بس شكلها متأخره. عرضت عليها مساعده اضافية بعد الحصة، رفضت",1.0,2.0,False
S043,Khalid Al-Subai,C02,facilitator3@noon.com,10,+966501234543,88,Standard,True,2025-10-10,86.0,1,1,,,True,6,5,5,87.4,20.2,101,0,0.9711111111111111,3,3,88.33333333333333,59,0,0.9814814814814814,0.0,,,,999.0,2.0,False
S044,Maryam Al-Faraj,C02,facilitator3@noon.com,11,+966501234544,47,Remedial,True,2025-10-10,39.0,1,1,,,True,6,5,5,40.6,2.4,12,0,0.45111111111111113,3,3,40.0,6,0,0.4444444444444444,1.0,2025-10-04,ليلى اداء ضعيف بكل المقاييس. لازم تواصل مع الاهل فوري,10-04: ليلى اداء ضعيف بكل المقاييس. لازم تواصل مع الاهل فوري,10.0,8.0,True
S045,Abdullah Al-Khaldi,C02,facilitator3@noon.com,10,+966501234545,85,Standard,True,2025-10-10,83.0,1,1,,,True,6,5,5,88.2,18.2,91,0,0.98,3,3,87.66666666666667,54,0,0.9740740740740741,0.0,,,,999.0,2.0,False
S046,Nora Al-Anzi,C02,facilitator3@noon.com,11,+966501234546,68,Remedial,True,2025-10-10,61.0,1,1,,,True,6,5,5,50.4,22.0,110,0,0.5599999999999999,3,3,50.0,62,0,0.5555555555555556,2.0,2025-10-14,محمد بدا يدخل اسئلة صعبة بالتمارين. تقدم جيد,"10-03: محمد نفس المشكلة - تمارين كثيرة بس كلها سهلة. محتاج يتحدى نفسه اكثر
10-14: محمد بدا يدخل اسئلة صعبة بالتمارين. تقدم جيد",0.0,7.0,True
S047,Hassan Al-Shahrani,C02,facilitator3@noon.com,10,+966501234547,87,Standard,True,2025-10-10,85.0,1,1,,,True,6,5,5,88.2,19.2,96,0,0.98,3,3,87.66666666666667,57,0,0.9740740740740741,0.0,,,,999.0,2.0,False
S048,Amal Al-Qaisi,C02,facilitator3@noon.com,11,+966501234548,91,Accelerated,True,2025-10-10,89.0,1,1,,,True,6,5,5,89.0,22.2,111,0,0.9888888888888889,3,3,89.0,65,0,0.9888888888888889,0.0,,,,999.0,2.0,False
S049,Yousef Al-Mutlaq,C02,facilitator3@noon.com,10,+966501234549,38,Remedial,True,2025-10-10,31.0,1,1,,,True,6,5,5,35.4,0.4,2,0,0.3933333333333333,3,3,35.0,1,0,0.3888888888888889,1.0,2025-10-03,احمد حالة متعثرة. الدرجات والحضور والتمارين كلها ضعيفة,10-03: احمد حالة متعثرة. الدرجات والحضور والتمارين كلها ضعيفة,11.0,7.0,True
S050,Layla Al-Thani,C02,facilitator3@noon.com,11,+966501234550,88,Standard,True,2025-10-10,86.0,1,1,,,True,6,5,5,67.6,13.8,69,0,0.7511111111111111,3,3,53.333333333333336,28,0,0.5925925925925927,3.0,2025-10-14,ليلى جت ٣٠ دقيقة بس. سألتها ايش المشكلة - قالت تحس بتعب. يمكن مريضه؟,"10-13: ليلى جت ٤٥ دقيقة بس اليوم، عادة تبقى كامل الحصة. شي تغير؟
10-13: ليلى شكلها متعبه هاليومين. يمكن بداية مرض؟
10-14: ليلى جت ٣٠ دقيقة بس. سألتها ايش المشكلة - قالت تحس بتعب. يمكن مريضه؟",0.0,2.0,False
S051,Ahmad Al-Mansour,C02,facilitator3@noon.com,10,+966501234551,65,Remedial,True,2025-10-10,52.0,1,1,,,True,6,5,5,87.0,43.2,216,0,0.9666666666666667,3,3,87.33333333333333,96,0,0.9703703703703703,3.0,2025-10-13,يوسف بدا يتحسن بعد ما فهم ان المذاكرة بالعجلة ما تنفع. الحين يتمرن بانتظام,"10-08: يوسف حل ١٢٠ سؤال بيوم واحد قبل الاختبار!! قلت له هذا مو مفيد - لازم توزع. كان خايف
10-10: يوسف جاب ٥٢ رغم كل التمارين اللي سواها باللحظة الاخيرة. كان يبان عليه الاحباط. شرحت له ان المذاكرة بالعجلة ما تنفع
10-13: يوسف بدا يتحسن بعد ما فهم ان المذاكرة بالعجلة ما تنفع. الحين يتمرن بانتظام",1.0,13.0,True
S052,Fatima Al-Rashidi,C02,facilitator3@noon.com,11,+966501234552,86,Standard,True,2025-10-10,84.0,1,1,,,True,6,5,5,88.0,17.8,89,0,0.9777777777777777,3,3,88.33333333333333,52,0,0.9814814814814814,0.0,,,,999.0,2.0,False
S053,Omar Al-Saud,C02,facilitator3@noon.com,10,+966501234553,93,Accelerated,True,2025-10-10,91.0,1,1,,,True,6,5,5,89.0,23.2,116,0,0.9888888888888889,3,3,89.0,68,0,0.9888888888888889,0.0,,,,999.0,2.0,False
S054,Sara Al-Khalifa,C02,facilitator3@noon.com,11,+966501234554,43,Remedial,True,2025-10-10,36.0,1,1,,,True,6,5,5,38.0,1.4,7,0,0.4222222222222222,3,3,37.666666666666664,3,0,0.4185185185185185,1.0,2025-10-04,نورة محتاجه تدخل شامل. كل المؤشرات سلبية,10-04: نورة محتاجه تدخل شامل. كل المؤشرات سلبية,10.0,7.0,True
S055,Khalid Al-Salem,C02,facilitator3@noon.com,10,+966501234555,87,Standard,True,2025-10-10,85.0,1,1,,,True,6,5,5,88.2,19.2,96,0,0.98,3,3,87.66666666666667,57,0,0.9740740740740741,0.0,,,,999.0,2.0,False
S056,Maryam Al-Harbi,C02,facilitator3@noon.com,11,+966501234556,71,Standard,True,2025-10-10,67.0,1,1,,,True,6,5,5,70.4,9.0,45,0,0.7822222222222223,3,3,70.0,27,0,0.7777777777777778,0.0,,,,999.0,4.0,True
S057,Abdullah Al-Mutairi,C02,facilitator3@noon.com,10,+966501234557,75,Standard,True,2025-10-10,61.0,1,1,,,True,6,5,5,87.4,0.8,4,0,0.9711111111111111,3,3,88.33333333333333,3,0,0.9814814814814814,2.0,2025-10-14,نورة تحضر ١٠٠٪ بس التمارين صفر. لازم نتواصل مع الاهل نشرح المطلوب,"10-02: نورة حضور ممتاز بس حرفياً صفر تمارين ابداً
10-14: نورة تحضر ١٠٠٪ بس التمارين صفر. لازم نتواصل مع الاهل نشرح المطلوب",0.0,14.0,True
S058,Nora Al-Dossari,C02,facilitator3@noon.com,11,+966501234558,75,Remedial,True,2025-10-10,70.0,1,1,,,True,6,5,5,63.6,15.6,78,0,0.7066666666666667,3,3,66.66666666666667,51,0,0.7407407407407408,3.0,2025-10-13,ليلى احسن بكثير الحين - الحضور زاد، التمارين زادت. التدخل نجح!,"10-05: اتصلت على ام ليلى - قلقانه على استعدادها للاختبار. الام كانت متوتره مره، شرحت لها انه اختبار تكويني مو نهائي. ارتاحت
10-10: ليلى جابت ٧٠!! الام ارسلت لي واتساب شكر مع ٥ ايموجي كيك ههههه. مرتاحه مره
10-13: ليلى احسن بكثير الحين - الحضور زاد، التمارين زادت. التدخل نجح!",1.0,5.0,False
S059,Hassan Al-Zahrani,C02,facilitator3@noon.com,10,+966501234559,85,Standard,True,2025-10-10,83.0,1,1,,,True,6,5,5,88.0,17.8,89,0,0.9777777777777777,3,3,88.33333333333333,52,0,0.9814814814814814,0.0,,,,999.0,2.0,False
S060,Amal Al-Otaibi,C02,facilitator3@noon.com,11,+966501234560,92,Accelerated,True,2025-10-10,90.0,1,1,,,True,6,5,5,89.0,22.2,111,0,0.9888888888888889,3,3,89.0,65,0,0.9888888888888889,0.0,,,,999.0,2.0,False
S061,Yousef Al-Juhani,C02,facilitator3@noon.com,10,+966501234561,35,Remedial,True,2025-10-10,29.0,1,1,,,True,6,5,5,33.0,0.4,2,0,0.36666666666666664,3,3,32.333333333333336,1,0,0.3592592592592593,1.0,2025-10-03,عمر من الطلاب الاكثر تعثراً. لازم خطة عاجلة,10-03: عمر من الطلاب الاكثر تعثراً. لازم خطة عاجلة,11.0,6.0,True
S062,Layla Al-Balawi,C02,facilitator3@noon.com,11,+966501234562,89,Standard,True,2025-10-10,87.0,1,1,,,True,6,5,5,88.2,19.8,99,0,0.98,3,3,87.66666666666667,58,0,0.9740740740740741,0.0,,,,999.0,2.0,False
S063,Ahmad Al-Subai,C02,facilitator3@noon.com,10,+966501234563,63,Remedial,True,2025-10-10,56.0,1,1,,,True,6,5,5,47.6,17.6,88,0,0.5288888888888889,3,3,47.666666666666664,49,0,0.5296296296296296,2.0,2025-10-14,سارة لسا تركز على السهل. لازم تدخل اقوى,"10-04: سارة حالة ثانية من التمارين السهلة الكثيرة. لازم نوضح الفرق
10-14: سارة لسا تركز على السهل. لازم تدخل اقوى",0.0,7.0,True
S064,Fatima Al-Faraj,C02,facilitator3@noon.com,11,+966501234564,86,Standard,True,2025-10-10,84.0,1,1,,,True,6,5,5,88.2,18.0,90,0,0.98,3,3,87.66666666666667,52,0,0.9740740740740741,0.0,,,,999.0,2.0,False
S065,Omar Al-Khaldi,C02,facilitator3@noon.com,10,+966501234565,90,Standard,True,2025-10-10,88.0,1,1,,,True,6,5,5,89.0,21.2,106,0,0.9888888888888889,3,3,89.0,62,0,0.9888888888888889,0.0,,,,999.0,2.0,False
S066,Sara Al-Anzi,C02,facilitator3@noon.com,11,+966501234566,40,Remedial,True,2025-10-10,34.0,1,1,,,True,6,5,5,35.4,1.6,8,0,0.3933333333333333,3,3,35.0,3,0,0.3888888888888889,1.0,2025-10-04,فاطمة وضعها صعب. محتاجه دعم مكثف,10-04: فاطمة وضعها صعب. محتاجه دعم مكثف,10.0,6.0,True
S067,Khalid Al-Shahrani,C02,facilitator3@noon.com,10,+966501234567,88,Standard,True,2025-10-10,86.0,1,1,,,True,6,5,5,61.6,12.2,61,0,0.6844444444444444,3,3,43.333333333333336,22,0,0.4814814814814815,3.0,2025-10-14,عمر لسا تعبان. قلت لأمه اذا ما تحسن يروح دكتور,"10-13: عمر جا ٣٠ دقيقة اليوم. اتصلت على امه، قالت مو مرتاح بس بغى يحضر على كل حال
10-14: عمر جا ١٥ دقيقة بس واضطر يطلع. قلت لأمه يرتاح بكره اذا لسا تعبان
10-14: عمر لسا تعبان. قلت لأمه اذا ما تحسن يروح دكتور",0.0,2.0,False
S068,Maryam Al-Qaisi,C02,facilitator3@noon.com,11,+966501234568,69,Standard,True,2025-10-10,65.0,1,1,,,True,6,5,5,70.0,9.6,48,0,0.7777777777777778,3,3,70.0,28,0,0.7777777777777778,0.0,,,,999.0,4.0,True
S069,Abdullah Al-Mutlaq,C02,facilitator3@noon.com,10,+966501234569,73,Standard,True,2025-10-10,58.0,1,1,,,True,6,5,5,88.0,0.4,2,0,0.9777777777777777,3,3,87.33333333333333,1,0,0.9703703703703703,2.0,2025-10-14,حسن نفس النمط. يبين ان عندنا مشكلة منهجية - الطلاب ما يفهمون ان التمارين جزء اساسي من البرنامج,"10-04: حسن يحضر زين بس صفر تمارين. بديت اشوف نمط مع عدة طلاب
10-14: حسن نفس النمط. يبين ان عندنا مشكلة منهجية - الطلاب ما يفهمون ان التمارين جزء اساسي من البرنامج",0.0,15.0,True
S070,Nora Al-Thani,C02,facilitator3@noon.com,11,+966501234570,78,Remedial,True,2025-10-10,72.0,1,1,,,True,6,5,5,61.2,22.2,111,0,0.68,3,3,64.33333333333333,69,0,0.7148148148148148,4.0,2025-10-14,سارة كمان قصة نجاح ثانيه. بدت ضعيفه بس التدخل المبكر غير كل شي,"10-05: اتصلت على اهل سارة - كانت فاشله بالاول بس الحين احسن بكثير! مبسوطين من التقدم
10-10: سارة جابت ٧٢! تحسن كبير. التدخل يوم ٥ ساعد مره. بدت تتمرن بجديه
10-14: سارة ممتازه الحين - ٦٨ دقيقة حضور، ٢٦ سؤال اليوم. تغيير كامل!
10-14: سارة كمان قصة نجاح ثانيه. بدت ضعيفه بس التدخل المبكر غير كل شي",0.0,6.0,False
S071,Hassan Al-Mansour,C02,facilitator3@noon.com,10,+966501234571,84,Standard,True,2025-10-10,82.0,1,1,,,True,6,5,5,88.0,17.8,89,0,0.9777777777777777,3,3,88.33333333333333,52,0,0.9814814814814814,0.0,,,,999.0,2.0,False
S072,Amal Al-Rashidi,C02,facilitator3@noon.com,11,+966501234572,93,Accelerated,True,2025-10-10,91.0,1,1,,,True,6,5,5,89.0,23.2,116,0,0.9888888888888889,3,3,89.0,68,0,0.9888888888888889,0.0,,,,999.0,2.0,False
S073,Yousef Al-Saud,C02,facilitator3@noon.com,10,+966501234573,32,Remedial,True,2025-10-10,27.0,1,1,,,True,6,5,5,30.6,0.4,2,0,0.34,3,3,30.0,1,0,0.3333333333333333,1.0,2025-10-03,سارة حالة قلق كبير. كل المؤشرات حمراء,10-03: سارة حالة قلق كبير. كل المؤشرات حمراء,11.0,5.0,True
S074,Layla Al-Khalifa,C02,facilitator3@noon.com,11,+966501234574,88,Standard,True,2025-10-10,86.0,1,1,,,True,6,5,5,88.2,19.8,99,0,0.98,3,3,87.66666666666667,58,0,0.9740740740740741,0.0,,,,999.0,2.0,False
S075,Ahmad Al-Ghamdi,C02,facilitator3@noon.com,10,+966501234575,61,Remedial,True,2025-10-10,54.0,1,1,,,True,6,5,5,45.0,15.6,78,0,0.5,3,3,45.0,43,0,0.5,2.0,2025-10-14,عمر محتاج وقت اكثر. الثقة بالنفس ما تتبنى بيوم وليلة,"10-03: عمر يتهرب من الاسئلة الصعبة. لازم نشتغل على ثقته بنفسه
10-14: عمر محتاج وقت اكثر. الثقة بالنفس ما تتبنى بيوم وليلة",0.0,7.0,True
S076,Fatima Al-Harbi,C03,facilitator4@noon.com,11,+966501234576,86,Standard,True,2025-10-10,84.0,1,1,,,True,6,5,5,88.2,18.0,90,0,0.98,3,3,87.66666666666667,52,0,0.9740740740740741,3.0,2025-10-14,نورة طالبة ممتازة,"10-03: نورة ممتازة
10-07: نورة لسا زينه
10-14: نورة طالبة ممتازة",0.0,2.0,False
S077,Omar Al-Qahtani,C03,facilitator4@noon.com,10,+966501234577,91,Accelerated,True,2025-10-10,89.0,1,1,,,True,6,5,5,89.0,22.2,111,0,0.9888888888888889,3,3,89.0,65,0,0.9888888888888889,0.0,,,,999.0,2.0,False
S078,Sara Al-Shammari,C03,facilitator4@noon.com,11,+966501234578,36,Remedial,True,2025-10-10,30.0,1,1,,,True,6,5,5,33.0,0.4,2,0,0.36666666666666664,3,3,32.333333333333336,1,0,0.3592592592592593,1.0,2025-10-04,محمد يحتاج تدخل عاجل قبل ما الوضع يتفاقم اكثر,10-04: محمد يحتاج تدخل عاجل قبل ما الوضع يتفاقم اكثر,10.0,6.0,True
S079,Khalid Al-Zahrani,C03,facilitator4@noon.com,10,+966501234579,87,Standard,True,2025-10-10,85.0,1,1,,,True,6,5,5,88.2,19.2,96,0,0.98,3,3,87.66666666666667,57,0,0.9740740740740741,0.0,,,,999.0,2.0,False
S080,Maryam Al-Maliki,C03,facilitator4@noon.com,11,+966501234580,68,Standard,True,2025-10-10,64.0,1,1,,,True,6,5,5,67.6,8.6,43,0,0.7511111111111111,3,3,67.66666666666667,25,0,0.7518518518518519,0.0,,,,999.0,4.0,True
S081,Abdullah Al-Otaibi,C03,facilitator4@noon.com,10,+966501234581,75,Standard,True,2025-10-10,60.0,1,1,,,True,6,5,5,87.4,8.4,42,0,0.9711111111111111,3,3,88.33333333333333,41,0,0.9814814814814814,4.0,2025-10-14,خالد مثال على طالب تحول بعد ما فهم اهمية التمارين. التدخل المبكر نجح معاه,"10-04: خالد يحضر بس ما يتمرن ابداً. كلمته - نفس العذر 'انا افهم بالحصة'
10-13: خالد اخيراً بدا يتمرن! ١٨ سؤال اليوم. كلمته عن درجته الضعيفه بالاختبار، يمكن هذا حمسه
10-14: خالد حل ٢٢ سؤال! اول مره يسوي تمارين صعبه. تقدم!
10-14: خالد مثال على طالب تحول بعد ما فهم اهمية التمارين. التدخل المبكر نجح معاه",0.0,15.0,True
S082,Nora Al-Juhani,C03,facilitator4@noon.com,11,+966501234582,85,Standard,True,2025-10-10,83.0,1,1,,,True,6,5,5,88.0,17.8,89,0,0.9777777777777777,3,3,88.33333333333333,52,0,0.9814814814814814,0.0,,,,999.0,2.0,False
S083,Hassan Al-Balawi,C03,facilitator4@noon.com,10,+966501234583,92,Accelerated,True,2025-10-10,90.0,1,1,,,True,6,5,5,89.0,23.2,116,0,0.9888888888888889,3,3,89.0,68,0,0.9888888888888889,0.0,,,,999.0,2.0,False
S084,Amal Al-Subai,C03,facilitator4@noon.com,11,+966501234584,30,Remedial,True,2025-10-10,26.0,1,1,,,True,6,5,5,28.0,0.4,2,0,0.3111111111111111,3,3,27.666666666666668,1,0,0.3074074074074074,1.0,2025-10-03,ليلى من اضعف الطلاب. محتاجه خطة انقاذ,10-03: ليلى من اضعف الطلاب. محتاجه خطة انقاذ,11.0,4.0,True
S085,Yousef Al-Faraj,C03,facilitator4@noon.com,10,+966501234585,89,Standard,True,2025-10-10,87.0,1,1,,,True,6,5,5,88.2,19.8,99,0,0.98,3,3,87.66666666666667,58,0,0.9740740740740741,0.0,,,,999.0,2.0,False
S086,Layla Al-Khaldi,C03,facilitator4@noon.com,11,+966501234586,60,Remedial,True,2025-10-10,53.0,1,1,,,True,6,5,5,42.0,13.6,68,0,0.4666666666666667,3,3,42.333333333333336,37,0,0.4703703703703704,2.0,2025-10-14,ليلى بدت تحاول الاسئلة الصعبة. هذا تقدم,"10-04: ليلى كمية تمارين معقولة بس كلها من السهل. النتيجة واضحة بدرجة الاختبار
10-14: ليلى بدت تحاول الاسئلة الصعبة. هذا تقدم",0.0,7.0,True
S087,Ahmad Al-Anzi,C03,facilitator4@noon.com,10,+966501234587,86,Standard,True,2025-10-10,84.0,1,1,,,True,6,5,5,88.2,18.0,90,0,0.98,3,3,87.66666666666667,52,0,0.9740740740740741,0.0,,,,999.0,2.0,False
S088,Fatima Al-Shahrani,C03,facilitator4@noon.com,11,+966501234588,90,Standard,True,2025-10-10,88.0,1,1,,,True,6,5,5,89.0,21.2,106,0,0.9888888888888889,3,3,89.0,62,0,0.9888888888888889,0.0,,,,999.0,2.0,False
S089,Omar Al-Qaisi,C03,facilitator4@noon.com,10,+966501234589,40,Remedial,True,2025-10-10,33.0,1,1,,,True,6,5,5,30.6,1.4,7,0,0.34,3,3,30.0,3,0,0.3333333333333333,1.0,2025-10-04,احمد اداء ضعيف جداً. لازم نتحرك بسرعة,10-04: احمد اداء ضعيف جداً. لازم نتحرك بسرعة,10.0,7.0,True
S090,Sara Al-Mutlaq,C03,facilitator4@noon.com,11,+966501234590,88,Standard,True,2025-10-10,86.0,1,1,,,True,6,5,5,88.2,19.2,96,0,0.98,3,3,87.66666666666667,57,0,0.9740740740740741,0.0,,,,999.0,2.0,False
S091,Khalid Al-Thani,C03,facilitator4@noon.com,10,+966501234591,65,Remedial,True,2025-10-10,48.0,1,1,,,True,6,5,3,15.0,1.6,8,2,0.16666666666666666,3,1,8.333333333333334,1,2,0.0925925925925926,5.0,2025-10-14,مريم الحالة قلقتني. راح اتصل على ادارة المدرسة اشوف اذا يعرفون شي,"10-07: حضور مريم نزل فجأة. كانت زينه قبل كذا
10-09: مريم جت ٢٠ دقيقة بس. تبان متعبه. سألتها اذا كل شي تمام، قالت 'بس تعبانه'
10-13: مريم ما جت ابداً. اتصلت على امها - ما في رد
10-14: لسا ما في مريم. رسالة الواتساب ما انقرت. قلقانه
10-14: مريم الحالة قلقتني. راح اتصل على ادارة المدرسة اشوف اذا يعرفون شي",0.0,17.0,True
S092,Maryam Al-Mansour,C03,facilitator4@noon.com,11,+966501234592,67,Standard,True,2025-10-10,63.0,1,1,,,True,6,5,5,65.0,7.6,38,0,0.7222222222222222,3,3,65.0,22,0,0.7222222222222222,0.0,,,,999.0,4.0,True
S093,Abdullah Al-Rashidi,C03,facilitator4@noon.com,10,+966501234593,72,Standard,True,2025-10-10,57.0,1,1,,,True,6,5,5,88.0,0.4,2,0,0.9777777777777777,3,3,87.33333333333333,1,0,0.9703703703703703,2.0,2025-10-14,علي حالة صعبة. يحضر كل شي بس يرفض التمارين تماماً. الاهل لازم يتدخلون,"10-02: علي يحضر كل الحصص تمام بس يرفض يسوي اي تمارين. الاهل لازم يضغطون عليه
10-14: علي حالة صعبة. يحضر كل شي بس يرفض التمارين تماماً. الاهل لازم يتدخلون",0.0,15.0,True
S094,Nora Al-Saud,C03,facilitator4@noon.com,11,+966501234594,84,Standard,True,2025-10-10,82.0,1,1,,,True,6,5,5,88.0,17.8,89,0,0.9777777777777777,3,3,88.33333333333333,52,0,0.9814814814814814,0.0,,,,999.0,2.0,False
S095,Hassan Al-Khalifa,C03,facilitator4@noon.com,10,+966501234595,91,Accelerated,True,2025-10-10,89.0,1,1,,,True,6,5,5,89.0,23.2,116,0,0.9888888888888889,3,3,89.0,68,0,0.9888888888888889,0.0,,,,999.0,2.0,False
S096,Amal Al-Salem,C03,facilitator4@noon.com,11,+966501234596,28,Remedial,True,2025-10-10,24.0,1,1,,,True,6,5,5,25.4,0.4,2,0,0.2822222222222222,3,3,25.0,1,0,0.2777777777777778,1.0,2025-10-03,نورة حالة متعثرة تحتاج اهتمام خاص,10-03: نورة حالة متعثرة تحتاج اهتمام خاص,11.0,4.0,True
S097,Yousef Al-Harbi,C03,facilitator4@noon.com,10,+966501234597,87,Standard,True,2025-10-10,85.0,1,1,,,True,6,5,5,88.2,19.8,99,0,0.98,3,3,87.66666666666667,58,0,0.9740740740740741,0.0,,,,999.0,2.0,False
S098,Layla Al-Mutairi,C03,facilitator5@noon.com,11,,95,Remedial,False,2025-10-10,92.0,1,1,,,True,6,5,5,62.6,27.4,137,0,0.6955555555555556,3,3,65.0,90,0,0.7222222222222222,4.0,2025-10-14,ليلى من اروع قصص النجاح. الام كانت قلقانه جداً بس بعد الدعم والمتابعه، ليلى تفوقت,"10-05: ام ليلى اتصلت قلقانه مره على الاختبار. شرحت لها هذا بس عشان نفهم وين تحتاج دعم، مو درجة نهائية. هدت
10-10: ليلى جابت ٩٢!! الام مبسوطه موووت. اشتغلت بجد - راحت من الخمسينات الى ٩٢!
10-14: ليلى محافظه على الزخم - ٣٢ سؤال اليوم! قصة نجاح مذهلة
10-14: ليلى من اروع قصص النجاح. الام كانت قلقانه جداً بس بعد الدعم والمتابعه، ليلى تفوقت",0.0,3.0,False
S099,Ahmad Al-Dossari,C03,facilitator5@noon.com,10,+966501234599,85,Standard,True,2025-10-10,83.0,1,1,,,True,6,5,5,88.2,18.0,90,0,0.98,3,3,87.66666666666667,52,0,0.9740740740740741,0.0,,,,999.0,2.0,False
S100,Fatima Al-Ghamdi,C03,facilitator5@noon.com,11,+966501234600,90,Standard,True,2025-10-10,88.0,1,1,,,True,6,5,5,89.0,22.2,111,0,0.9888888888888889,3,3,89.0,65,0,0.9888888888888889,0.0,,,,999.0,2.0,False
S101,Omar Al-Qahtani,C03,facilitator5@noon.com,10,+966501234601,86,Standard,True,2025-10-10,84.0,1,1,,,True,6,5,3,52.6,10.2,51,2,0.5844444444444444,3,1,28.333333333333332,14,2,0.3148148148148148,3.0,2025-10-14,عمر كان من الممتازين. فجأة اختفى بدون سبب واضح. لازم نوصل لأهله,"10-13: عمر ما جا اليوم. كان ممتاز قبل كذا (٨٤ بالاختبار). ايش صار؟
10-14: لسا ما في عمر. حاولت اتصل على الاهل، ما في رد لحد الان
10-14: عمر كان من الممتازين. فجأة اختفى بدون سبب واضح. لازم نوصل لأهله",0.0,2.0,False
S102,Sara Al-Shammari,C03,facilitator5@noon.com,11,+966501234602,48,Remedial,True,2025-10-10,41.0,1,1,,,True,6,5,5,41.8,3.0,15,0,0.46444444444444444,3,3,42.333333333333336,7,0,0.4703703703703704,1.0,2025-10-04,عمر من الطلاب المتعثرين. محتاج دعم شامل,10-04: عمر من الطلاب المتعثرين. محتاج دعم شامل,10.0,7.0,True
S103,Khalid Al-Zahrani,C03,facilitator5@noon.com,10,+966501234603,88,Standard,True,2025-10-10,86.0,1,1,,,True,6,5,5,88.2,19.2,96,0,0.98,3,3,87.66666666666667,57,0,0.9740740740740741,0.0,,,,999.0,2.0,False
S104,Maryam Al-Maliki,C03,facilitator5@noon.com,11,+966501234604,70,Standard,True,2025-10-10,66.0,1,1,,,True,6,5,5,70.0,9.6,48,0,0.7777777777777778,3,3,70.0,28,0,0.7777777777777778,0.0,,,,999.0,4.0,True
S105,Abdullah Al-Otaibi,C03,facilitator5@noon.com,10,+966501234605,74,Standard,True,2025-10-10,59.0,1,1,,,True,6,5,5,88.0,0.4,2,0,0.9777777777777777,3,3,87.33333333333333,1,0,0.9703703703703703,2.0,2025-10-14,فاطمة ضمن المجموعة اللي تحضر وما تتمرن. النمط واضح جداً,"10-03: فاطمة تحضر زين بس حرفياً ما تتمرن ابداً. نفس النمط مع غيرها
10-14: فاطمة ضمن المجموعة اللي تحضر وما تتمرن. النمط واضح جداً",0.0,15.0,True
S106,Nora Al-Juhani,C03,facilitator5@noon.com,11,+966501234606,83,Standard,True,2025-10-10,81.0,1,1,,,True,6,5,5,88.0,17.8,89,0,0.9777777777777777,3,3,88.33333333333333,52,0,0.9814814814814814,0.0,,,,999.0,2.0,False
S107,Hassan Al-Balawi,C03,facilitator5@noon.com,10,+966501234607,92,Accelerated,True,2025-10-10,90.0,1,1,,,True,6,5,5,89.0,23.2,116,0,0.9888888888888889,3,3,89.0,68,0,0.9888888888888889,0.0,,,,999.0,2.0,False
S108,Amal Al-Subai,C03,facilitator5@noon.com,11,+966501234608,33,Remedial,True,2025-10-10,28.0,1,1,,,True,6,5,5,28.0,0.4,2,0,0.3111111111111111,3,3,27.666666666666668,1,0,0.3074074074074074,1.0,2025-10-03,فاطمة وضعها يتطلب تدخل سريع,10-03: فاطمة وضعها يتطلب تدخل سريع,11.0,5.0,True
S109,Yousef Al-Faraj,C03,facilitator5@noon.com,10,+966501234609,86,Standard,True,2025-10-10,84.0,1,1,,,True,6,5,5,88.2,19.8,99,0,0.98,3,3,87.66666666666667,58,0,0.9740740740740741,0.0,,,,999.0,2.0,False
S110,Layla Al-Khaldi,C03,facilitator5@noon.com,11,+966501234610,65,Remedial,True,2025-10-10,58.0,1,1,,,True,6,5,5,51.6,12.4,62,0,0.5733333333333334,3,3,51.666666666666664,34,0,0.5740740740740741,2.0,2025-10-14,احمد فهم النقطة. بدا يتحدى نفسه اكثر بالتمارين,"10-03: احمد يحتاج يفهم ان التحدي مهم للتطور. التمارين السهلة ما راح توصله لهدفه
10-14: احمد فهم النقطة. بدا يتحدى نفسه اكثر بالتمارين",0.0,7.0,True
S111,Ahmad Al-Anzi,C03,facilitator5@noon.com,10,+966501234611,85,Standard,True,2025-10-10,83.0,1,1,,,True,6,5,5,88.2,18.0,90,0,0.98,3,3,87.66666666666667,52,0,0.9740740740740741,0.0,,,,999.0,2.0,False
S112,Fatima Al-Shahrani,C03,facilitator5@noon.com,11,+966501234612,89,Standard,True,2025-10-10,87.0,1,1,,,True,6,5,5,89.0,22.2,111,0,0.9888888888888889,3,3,89.0,65,0,0.9888888888888889,0.0,,,,999.0,2.0,False
S113,Omar Al-Qaisi,C03,facilitator5@noon.com,10,+966501234613,37,Remedial,True,2025-10-10,31.0,1,1,,,True,6,5,5,30.6,0.4,2,0,0.34,3,3,30.0,1,0,0.3333333333333333,1.0,2025-10-04,سارة حالة تعثر واضحة. لازم خطة عمل,10-04: سارة حالة تعثر واضحة. لازم خطة عمل,10.0,6.0,True
S114,Sara Al-Mutlaq,C03,facilitator5@noon.com,11,+966501234614,87,Standard,True,2025-10-10,85.0,1,1,,,True,6,5,5,88.2,19.2,96,0,0.98,3,3,87.66666666666667,57,0,0.9740740740740741,0.0,,,,999.0,2.0,False
S115,Khalid Al-Thani,C03,facilitator5@noon.com,10,+966501234615,69,Standard,True,2025-10-10,65.0,1,1,,,True,6,5,5,67.6,8.6,43,0,0.7511111111111111,3,3,67.66666666666667,25,0,0.7518518518518519,0.0,,,,999.0,4.0,True
S116,Maryam Al-Mansour,C03,facilitator5@noon.com,11,+966501234616,76,Standard,True,2025-10-10,61.0,1,1,,,True,6,5,5,87.4,0.8,4,0,0.9711111111111111,3,3,88.33333333333333,3,0,0.9814814814814814,2.0,2025-10-14,سارة كمان نفس الشي. حضور مثالي بس صفر مشاركة بالتمارين,"10-04: سارة حضور مثالي بس ٠ تمارين
10-14: سارة كمان نفس الشي. حضور مثالي بس صفر مشاركة بالتمارين",0.0,15.0,True
S117,Abdullah Al-Rashidi,C03,facilitator5@noon.com,10,+966501234617,84,Standard,True,2025-10-10,82.0,1,1,,,True,6,5,5,59.6,11.2,56,0,0.6622222222222223,3,3,40.0,19,0,0.4444444444444444,3.0,2025-10-14,عبدالله قال الصداع مستمر من امس. نصحت ابوه ياخذه مستشفى,"10-13: عبدالله جا ٢٥ دقيقة اليوم. غريب مره - عادة يجي كامل الوقت
10-14: عبدالله جا ١٠ دقائق بس. اتصلت على ابوه - عبدالله عنده صداع. اقترحت يرتاح بكره
10-14: عبدالله قال الصداع مستمر من امس. نصحت ابوه ياخذه مستشفى",0.0,2.0,False
S118,Nora Al-Saud,C04,facilitator6@noon.com,11,+966501234618,83,Standard,True,2025-10-10,81.0,1,1,,,True,6,5,5,88.0,17.8,89,0,0.9777777777777777,3,3,88.33333333333333,52,0,0.9814814814814814,0.0,,,,999.0,2.0,False
S119,Hassan Al-Khalifa,C04,facilitator6@noon.com,10,+966501234619,91,Accelerated,True,2025-10-10,89.0,1,1,,,True,6,5,5,89.0,23.2,116,0,0.9888888888888889,3,3,89.0,68,0,0.9888888888888889,0.0,,,,999.0,2.0,False
S120,Amal Al-Salem,C04,facilitator6@noon.com,11,+966501234620,29,Remedial,True,2025-10-10,25.0,1,1,,,True,6,5,5,25.4,0.4,2,0,0.2822222222222222,3,3,25.0,1,0,0.2777777777777778,0.0,,,,999.0,4.0,True
S121,Yousef Al-Harbi,C04,facilitator6@noon.com,10,+966501234621,86,Standard,True,2025-10-10,84.0,1,1,,,True,6,5,5,88.2,19.8,99,0,0.98,3,3,87.66666666666667,58,0,0.9740740740740741,0.0,,,,999.0,2.0,False
S122,Layla Al-Mutairi,C04,facilitator6@noon.com,11,+966501234622,63,Remedial,True,2025-10-10,56.0,1,1,,,True,6,5,5,47.6,13.4,67,0,0.5288888888888889,3,3,47.666666666666664,37,0,0.5296296296296296,2.0,2025-10-14,نورة لسا على نفس النهج. محتاجه تدخل اكثر حزم,"10-04: نورة نفس النمط - كمية كبيرة، مستوى سهل. لازم نغير الاستراتيجية
10-14: نورة لسا على نفس النهج. محتاجه تدخل اكثر حزم",0.0,7.0,True
S123,Ahmad Al-Dossari,C04,facilitator6@noon.com,10,+966501234623,73,Standard,True,2025-10-10,58.0,1,1,,,True,6,5,3,52.6,0.4,2,2,0.5844444444444444,3,1,28.333333333333332,1,2,0.3148148148148148,5.0,2025-10-14,سارة واضح ما عندها اي حماس للبرنامج. يمكن الافضل نترك الموضوع,"10-04: سارة قالت لي ما تشوف فايدة من التمارين - بس تجي لان المدرسه مطالبه
10-09: اتصلت على ام سارة بخصوص مشكلة الموقف. الام كانت دفاعية: 'هي تحضر الحصص، هذا اللي طلبتوه!'
10-13: سارة ما جت اليوم. مو مستغربه بعد موقفها
10-14: لسا ما في سارة. اتوقع انها استقالت
10-14: سارة واضح ما عندها اي حماس للبرنامج. يمكن الافضل نترك الموضوع",0.0,15.0,True
S124,Fatima Al-Ghamdi,C04,facilitator6@noon.com,11,+966501234624,84,Standard,True,2025-10-10,82.0,1,1,,,True,6,5,5,88.2,18.0,90,0,0.98,3,3,87.66666666666667,52,0,0.9740740740740741,0.0,,,,999.0,2.0,False
S125,Omar Al-Qahtani,C04,facilitator6@noon.com,10,+966501234625,89,Standard,True,2025-10-10,87.0,1,1,,,True,6,5,5,89.0,22.2,111,0,0.9888888888888889,3,3,89.0,65,0,0.9888888888888889,0.0,,,,999.0,2.0,False
S126,Sara Al-Shammari,C04,facilitator6@noon.com,11,+966501234626,35,Remedial,True,2025-10-10,29.0,1,1,,,True,6,5,5,28.0,0.4,2,0,0.3111111111111111,3,3,27.666666666666668,1,0,0.3074074074074074,0.0,,,,999.0,6.0,True
S127,Khalid Al-Zahrani,C04,facilitator6@noon.com,10,+966501234627,86,Standard,True,2025-10-10,84.0,1,1,,,True,6,5,5,88.2,19.2,96,0,0.98,3,3,87.66666666666667,57,0,0.9740740740740741,0.0,,,,999.0,2.0,False
S128,Maryam Al-Maliki,C04,facilitator6@noon.com,11,+966501234628,68,Standard,True,2025-10-10,64.0,1,1,,,True,6,5,5,65.0,8.6,43,0,0.7222222222222222,3,3,65.0,25,0,0.7222222222222222,0.0,,,,999.0,4.0,True
S129,Abdullah Al-Otaibi,C04,facilitator6@noon.com,10,+966501234629,73,Standard,True,2025-10-10,58.0,1,1,,,True,6,5,5,88.0,0.4,2,0,0.9777777777777777,3,3,87.33333333333333,1,0,0.9703703703703703,2.0,2025-10-14,حسن اضافه ثانيه للقائمة. نحتاج حل منهجي لهالمشكلة,"10-03: حسن يحضر بس ما في تمارين ابداً
10-14: حسن اضافه ثانيه للقائمة. نحتاج حل منهجي لهالمشكلة",0.0,15.0,True
S130,Nora Al-Juhani,C04,facilitator6@noon.com,11,+966501234630,82,Standard,True,2025-10-10,80.0,1,1,,,True,6,5,5,88.0,17.8,89,0,0.9777777777777777,3,3,88.33333333333333,52,0,0.9814814814814814,0.0,,,,999.0,2.0,False
S131,Hassan Al-Balawi,C04,facilitator6@noon.com,10,+966501234631,90,Standard,True,2025-10-10,88.0,1,1,,,True,6,5,5,89.0,23.2,116,0,0.9888888888888889,3,3,89.0,68,0,0.9888888888888889,0.0,,,,999.0,2.0,False
S132,Amal Al-Subai,C04,facilitator6@noon.com,11,+966501234632,27,Remedial,True,2025-10-10,23.0,1,1,,,True,6,5,5,23.0,0.4,2,0,0.25555555555555554,3,3,22.333333333333332,1,0,0.24814814814814815,0.0,,,,999.0,4.0,True
S133,Yousef Al-Faraj,C04,facilitator6@noon.com,10,+966501234633,85,Standard,True,2025-10-10,83.0,1,1,,,True,6,5,5,88.2,19.8,99,0,0.98,3,3,87.66666666666667,58,0,0.9740740740740741,0.0,,,,999.0,2.0,False
S134,Layla Al-Khaldi,C04,facilitator6@noon.com,11,+966501234634,68,Standard,True,2025-10-10,60.0,1,1,,,True,6,5,5,50.6,8.4,42,0,0.5622222222222223,3,3,49.333333333333336,24,0,0.5481481481481482,5.0,2025-10-14,محمد وضعه خاص - الاب يشتغل ليل وما يقدر يصحيه. نحتاج نشوف اذا في حل ابداعي,"10-02: محمد دايم متأخر. جا بعد ٤٨ دقيقة من بداية الحصة اليوم
10-07: محمد متأخر مره ثانيه - جا بعد ٥٢ دقيقة من بداية الحصة. اتصلت على ابوه اشرح ان هذي مشكله
10-09: الاب شرح انه يشتغل وردية ليل، ما يقدر يصحي محمد بالصبح. عرضت انقل محمد لحصة عصر بس ما عندنا حصص عصر ههههه
10-14: محمد لسا يجي متأخر - ٤٨ دقيقة بعد بداية الحصة. نحتاج حل بس ايش نقدر نسوي؟
10-14: محمد وضعه خاص - الاب يشتغل ليل وما يقدر يصحيه. نحتاج نشوف اذا في حل ابداعي",0.0,8.0,True
S135,Ahmad Al-Anzi,C04,facilitator6@noon.com,10,+966501234635,83,Standard,True,2025-10-10,81.0,1,1,,,True,6,5,5,88.2,18.0,90,0,0.98,3,3,87.66666666666667,52,0,0.9740740740740741,0.0,,,,999.0,2.0,False
S136,Fatima Al-Shahrani,C04,facilitator6@noon.com,11,+966501234636,88,Standard,True,2025-10-10,86.0,1,1,,,True,6,5,5,89.0,22.2,111,0,0.9888888888888889,3,3,89.0,65,0,0.9888888888888889,0.0,,,,999.0,2.0,False
S137,Omar Al-Qaisi,C04,facilitator6@noon.com,10,+966501234637,32,Remedial,True,2025-10-10,27.0,1,1,,,True,6,5,5,25.4,0.4,2,0,0.2822222222222222,3,3,25.0,1,0,0.2777777777777778,0.0,,,,999.0,5.0,True
S138,Sara Al-Mutlaq,C04,facilitator6@noon.com,11,+966501234638,84,Standard,True,2025-10-10,82.0,1,1,,,True,6,5,5,88.2,19.2,96,0,0.98,3,3,87.66666666666667,57,0,0.9740740740740741,0.0,,,,999.0,2.0,False
S139,Khalid Al-Thani,C04,facilitator6@noon.com,10,+966501234639,66,Standard,True,2025-10-10,62.0,1,1,,,True,6,5,5,64.2,7.6,38,0,0.7133333333333334,3,3,64.33333333333333,22,0,0.7148148148148148,0.0,,,,999.0,4.0,True
S140,Maryam Al-Mansour,C04,facilitator6@noon.com,11,+966501234640,72,Standard,True,2025-10-10,57.0,1,1,,,True,6,5,5,88.0,0.4,2,0,0.9777777777777777,3,3,87.33333333333333,1,0,0.9703703703703703,2.0,2025-10-14,علي يرفض التمارين. لازم نفهم السبب وراء الرفض المستمر,"10-04: علي يحضر عادي بس يرفض يتمرن
10-14: علي يرفض التمارين. لازم نفهم السبب وراء الرفض المستمر",0.0,15.0,True
S141,Abdullah Al-Rashidi,C04,facilitator6@noon.com,10,+966501234641,81,Standard,True,2025-10-10,79.0,1,1,,,True,6,5,4,55.6,10.6,53,1,0.6177777777777778,3,2,33.333333333333336,16,1,0.3703703703703704,3.0,2025-10-14,سألت ام عمر ايش عنده بالضبط. قالت حمى ورشح. قلت لها يرتاح وما يجي لين يتعافى,"10-13: عمر جا ١٥ دقيقة بس وطلع. اتصلت على امه - قالت ما كان مرتاح
10-14: عمر ما جا ابداً اليوم. الام قالت لسا مريض، راح يرجع الاسبوع الجاي ان شاء الله
10-14: سألت ام عمر ايش عنده بالضبط. قالت حمى ورشح. قلت لها يرتاح وما يجي لين يتعافى",0.0,2.0,False
S142,Nora Al-Saud,C04,facilitator7@noon.com,11,+966501234642,81,Standard,True,2025-10-10,79.0,1,1,,,True,6,5,5,88.0,17.8,89,0,0.9777777777777777,3,3,88.33333333333333,52,0,0.9814814814814814,0.0,,,,999.0,2.0,False
S143,Hassan Al-Khalifa,C04,facilitator7@noon.com,10,+966501234643,89,Standard,True,2025-10-10,87.0,1,1,,,True,6,5,5,89.0,23.2,116,0,0.9888888888888889,3,3,89.0,68,0,0.9888888888888889,0.0,,,,999.0,2.0,False
S144,Amal Al-Salem,C04,facilitator7@noon.com,11,+966501234644,25,Remedial,True,2025-10-10,21.0,1,1,,,True,6,5,5,20.6,0.4,2,0,0.2288888888888889,3,3,20.0,1,0,0.2222222222222222,0.0,,,,999.0,4.0,True
S145,Yousef Al-Harbi,C04,facilitator7@noon.com,10,+966501234645,75,Remedial,True,2025-10-10,0.0,1,1,,,True,6,5,4,38.0,8.2,41,1,0.4222222222222222,3,2,48.333333333333336,33,1,0.5370370370370371,4.0,2025-10-14,يوسف الموقف معاه كان مضحك ومحزن - الاهل ما كانوا يدرون عن البرنامج! بس الحمدلله تدارك الموضوع,"10-07: يوسف اخيراً بدا يجي بعد ما كان غايب طول الاسبوع. ابوه ما كان يدري عن البرنامج اصلاً!
10-13: يوسف محافظ على الحضور الحين - ٧٠ دقيقة اليوم. والتمارين كمان احسن - ١٥ سؤال
10-14: يوسف مستمر بالتحسن - ٧٥ دقيقة حضور، ١٨ سؤال. تحول كبير!
10-14: يوسف الموقف معاه كان مضحك ومحزن - الاهل ما كانوا يدرون عن البرنامج! بس الحمدلله تدارك الموضوع",0.0,75.0,True
S146,Layla Al-Mutairi,C04,facilitator7@noon.com,11,+966501234646,61,Remedial,True,2025-10-10,54.0,1,1,,,True,6,5,5,45.0,11.4,57,0,0.5,3,3,45.0,31,0,0.5,2.0,2025-10-14,يوسف محتاج دعم نفسي مستمر. الموضوع اعمق من التمارين,"10-03: يوسف يتجنب الاسئلة الصعبة. محتاج دعم نفسي اكثر
10-14: يوسف محتاج دعم نفسي مستمر. الموضوع اعمق من التمارين",0.0,7.0,True
S147,Ahmad Al-Dossari,C04,facilitator7@noon.com,10,+966501234647,82,Standard,True,2025-10-10,80.0,1,1,,,True,6,5,5,88.2,18.0,90,0,0.98,3,3,87.66666666666667,52,0,0.9740740740740741,0.0,,,,999.0,2.0,False
S148,Fatima Al-Ghamdi,C04,facilitator7@noon.com,11,+966501234648,87,Standard,True,2025-10-10,85.0,1,1,,,True,6,5,5,89.0,22.2,111,0,0.9888888888888889,3,3,89.0,65,0,0.9888888888888889,0.0,,,,999.0,2.0,False
S149,Omar Al-Qahtani,C04,facilitator7@noon.com,10,+966501234649,29,Remedial,True,2025-10-10,25.0,1,1,,,True,6,5,5,23.0,0.4,2,0,0.25555555555555554,3,3,22.333333333333332,1,0,0.24814814814814815,0.0,,,,999.0,4.0,True
S150,Sara Al-Shammari,C04,facilitator7@noon.com,11,+966501234650,83,Standard,True,2025-10-10,81.0,1,1,,,True,6,5,5,88.2,19.2,96,0,0.98,3,3,87.66666666666667,57,0,0.9740740740740741,0.0,,,,999.0,2.0,False
S151,Khalid Al-Zahrani,C04,facilitator7@noon.com,10,+966501234651,65,Standard,True,2025-10-10,61.0,1,1,,,True,6,5,5,61.6,7.6,38,0,0.6844444444444444,3,3,61.666666666666664,22,0,0.6851851851851851,0.0,,,,999.0,4.0,True
S152,Maryam Al-Maliki,C04,facilitator7@noon.com,11,+966501234652,71,Standard,True,2025-10-10,56.0,1,1,,,True,6,5,5,88.0,0.4,2,0,0.9777777777777777,3,3,87.33333333333333,1,0,0.9703703703703703,2.0,2025-10-14,علي ضمن نفس المجموعة. حضور جيد، تمارين صفر,"10-03: علي يحضر بس صفر تمارين
10-14: علي ضمن نفس المجموعة. حضور جيد، تمارين صفر",0.0,15.0,True
S153,Abdullah Al-Otaibi,C04,facilitator7@noon.com,10,+966501234653,80,Standard,True,2025-10-10,78.0,1,1,,,True,6,5,5,88.0,17.8,89,0,0.9777777777777777,3,3,88.33333333333333,52,0,0.9814814814814814,0.0,,,,999.0,2.0,False
S154,Nora Al-Juhani,C04,facilitator7@noon.com,11,+966501234654,88,Standard,True,2025-10-10,86.0,1,1,,,True,6,5,5,89.0,23.2,116,0,0.9888888888888889,3,3,89.0,68,0,0.9888888888888889,0.0,,,,999.0,2.0,False
S155,Hassan Al-Balawi,C04,facilitator7@noon.com,10,+966501234655,22,Remedial,True,2025-10-10,19.0,1,1,,,True,6,5,5,18.0,0.4,2,0,0.2,3,3,17.666666666666668,1,0,0.1962962962962963,0.0,,,,999.0,3.0,True
S156,Amal Al-Subai,C04,facilitator7@noon.com,11,+966501234656,85,Remedial,True,2025-10-10,78.0,1,1,,,True,6,5,5,69.6,26.8,134,0,0.7733333333333333,3,3,74.33333333333333,90,0,0.8259259259259258,6.0,2025-10-14,عمر احسن مثال على اهمية الوقت الاضافي والشرح الفردي. احياناً الطالب بس يحتاج شوية اهتمام زيادة,"10-04: عمر كان يعاني بالاول - حضور ضعيف وتمارين قليله
10-07: قعدت مع عمر بعد الحصة اشرح له الكسور. فهمهم!
10-10: عمر جاب ٧٨ بالاختبار! تحسن هائل من اول الشهر
10-13: ابو عمر اتصل يشكرني - قال عمر الحين واثق بنفسه ومستمتع بالدراسة. هذا اللي نبيه!
10-14: عمر محافظ على التقدم - ٧٨ دقيقة حضور، ٣٢ سؤال اليوم. قصة نجاح حقيقية
10-14: عمر احسن مثال على اهمية الوقت الاضافي والشرح الفردي. احياناً الطالب بس يحتاج شوية اهتمام زيادة",0.0,7.0,False
S157,Yousef Al-Faraj,C04,facilitator7@noon.com,10,+966501234657,81,Standard,True,2025-10-10,79.0,1,1,,,True,6,5,5,88.2,18.0,90,0,0.98,3,3,87.66666666666667,52,0,0.9740740740740741,0.0,,,,999.0,2.0,False
S158,Layla Al-Khaldi,C04,facilitator7@noon.com,11,+966501234658,86,Standard,True,2025-10-10,84.0,1,1,,,True,6,5,5,89.0,22.2,111,0,0.9888888888888889,3,3,89.0,65,0,0.9888888888888889,0.0,,,,999.0,2.0,False
S159,Ahmad Al-Anzi,C04,facilitator7@noon.com,10,+966501234659,27,Remedial,True,2025-10-10,23.0,1,1,,,True,6,5,5,20.6,0.4,2,0,0.2288888888888889,3,3,20.0,1,0,0.2222222222222222,0.0,,,,999.0,4.0,True
S160,Fatima Al-Shahrani,C04,facilitator7@noon.com,11,+966501234660,82,Standard,True,2025-10-10,80.0,1,1,,,True,6,5,5,88.2,19.2,96,0,0.98,3,3,87.66666666666667,57,0,0.9740740740740741,0.0,,,,999.0,2.0,False
S161,Omar Al-Qaisi,C04,facilitator7@noon.com,10,+966501234661,63,Standard,True,2025-10-10,59.0,1,1,,,True,6,5,5,58.4,6.6,33,0,0.6488888888888888,3,3,58.333333333333336,19,0,0.6481481481481481,0.0,,,,999.0,4.0,True
S162,Sara Al-Mutlaq,C04,facilitator7@noon.com,11,+966501234662,70,Standard,True,2025-10-10,55.0,1,1,,,True,6,5,5,88.0,0.4,2,0,0.9777777777777777,3,3,87.33333333333333,1,0,0.9703703703703703,2.0,2025-10-14,حسن كمان نفس الحالة. يبدو اننا نحتاج ورشة عمل للطلاب عن اهمية التمارين,"10-04: حسن يحضر دايم بس رافض يتمرن
10-14: حسن كمان نفس الحالة. يبدو اننا نحتاج ورشة عمل للطلاب عن اهمية التمارين",0.0,15.0,True
S163,Khalid Al-Thani,C05,facilitator8@noon.com,10,+966501234663,79,Standard,True,2025-10-10,77.0,1,1,,,True,6,5,5,60.6,10.6,53,0,0.6733333333333333,3,3,42.666666666666664,16,0,0.47407407407407404,3.0,2025-10-14,احمد ارسل واتساب يقول مو قادر يحضر اليوم. على الاقل ابلغ,"10-13: احمد جا ٢٥ دقيقة بس اليوم. غريب - عادة ملتزم
10-14: احمد جا ١٥ دقيقة وطلع. اتصلت على ابوه، قال احمد تعبان. قلت له يخليه يرتاح
10-14: احمد ارسل واتساب يقول مو قادر يحضر اليوم. على الاقل ابلغ",0.0,2.0,False
S164,Maryam Al-Mansour,C05,facilitator8@noon.com,11,+966501234664,79,Standard,True,2025-10-10,77.0,1,1,,,True,6,5,5,88.0,17.8,89,0,0.9777777777777777,3,3,88.33333333333333,52,0,0.9814814814814814,0.0,,,,999.0,2.0,False
S165,Abdullah Al-Rashidi,C05,facilitator8@noon.com,10,+966501234665,85,Standard,True,2025-10-10,83.0,1,1,,,True,6,5,5,89.0,23.2,116,0,0.9888888888888889,3,3,89.0,68,0,0.9888888888888889,0.0,,,,999.0,2.0,False
S166,Nora Al-Saud,C05,facilitator8@noon.com,11,+966501234666,20,Remedial,True,2025-10-10,17.0,1,1,,,True,6,5,5,15.4,0.4,2,0,0.1711111111111111,3,3,15.0,1,0,0.16666666666666666,0.0,,,,999.0,3.0,True
S167,Hassan Al-Khalifa,C05,facilitator8@noon.com,10,+966501234667,81,Standard,True,2025-10-10,79.0,1,1,,,True,6,5,5,88.2,19.8,99,0,0.98,3,3,87.66666666666667,58,0,0.9740740740740741,0.0,,,,999.0,2.0,False
S168,Amal Al-Salem,C05,facilitator8@noon.com,11,+966501234668,57,Remedial,True,2025-10-10,51.0,1,1,,,True,6,5,5,39.4,9.4,47,0,0.43777777777777777,3,3,40.0,25,0,0.4444444444444444,2.0,2025-10-14,فاطمة بدت تفهم اهمية التحدي. تحسن بسيط بس موجود,"10-04: فاطمة تسوي تمارين بس مو من النوع اللي يطور المهارات. لازم توجيه
10-14: فاطمة بدت تفهم اهمية التحدي. تحسن بسيط بس موجود",0.0,6.0,True
S169,Yousef Al-Harbi,C05,facilitator8@noon.com,10,+966501234669,80,Standard,True,2025-10-10,78.0,1,1,,,True,6,5,5,88.2,18.0,90,0,0.98,3,3,87.66666666666667,52,0,0.9740740740740741,0.0,,,,999.0,2.0,False
S170,Layla Al-Mutairi,C05,facilitator8@noon.com,11,+966501234670,85,Standard,True,2025-10-10,83.0,1,1,,,True,6,5,5,89.0,22.2,111,0,0.9888888888888889,3,3,89.0,65,0,0.9888888888888889,0.0,,,,999.0,2.0,False
S171,Ahmad Al-Dossari,C05,facilitator8@noon.com,10,+966501234671,24,Remedial,True,2025-10-10,20.0,1,1,,,True,6,5,5,18.0,0.4,2,0,0.2,3,3,17.666666666666668,1,0,0.1962962962962963,0.0,,,,999.0,4.0,True
S172,Fatima Al-Ghamdi,C05,facilitator8@noon.com,11,+966501234672,81,Standard,True,2025-10-10,79.0,1,1,,,True,6,5,5,88.2,19.2,96,0,0.98,3,3,87.66666666666667,57,0,0.9740740740740741,0.0,,,,999.0,2.0,False
S173,Omar Al-Qahtani,C05,facilitator8@noon.com,10,+966501234673,61,Standard,True,2025-10-10,57.0,1,1,,,True,6,5,5,55.0,5.6,28,0,0.6111111111111112,3,3,55.0,16,0,0.6111111111111112,0.0,,,,999.0,4.0,True
S174,Sara Al-Shammari,C05,facilitator8@noon.com,11,+966501234674,69,Standard,True,2025-10-10,54.0,1,1,,,True,6,5,5,88.0,0.4,2,0,0.9777777777777777,3,3,87.33333333333333,1,0,0.9703703703703703,2.0,2025-10-14,محمد يرفض التمارين كلياً. لازم نتدخل بشكل مباشر,"10-03: محمد حضور تمام بس يرفض التمارين
10-14: محمد يرفض التمارين كلياً. لازم نتدخل بشكل مباشر",0.0,15.0,True
S175,Khalid Al-Zahrani,C05,facilitator8@noon.com,10,+966501234675,78,Standard,True,2025-10-10,76.0,1,1,,,True,6,5,5,88.0,17.8,89,0,0.9777777777777777,3,3,88.33333333333333,52,0,0.9814814814814814,0.0,,,,999.0,2.0,False
S176,Maryam Al-Maliki,C05,facilitator8@noon.com,11,+966501234676,84,Standard,True,2025-10-10,82.0,1,1,,,True,6,5,5,89.0,23.2,116,0,0.9888888888888889,3,3,89.0,68,0,0.9888888888888889,0.0,,,,999.0,2.0,False
S177,Abdullah Al-Otaibi,C05,facilitator8@noon.com,10,+966501234677,21,Remedial,True,2025-10-10,18.0,1,1,,,True,6,5,5,15.4,0.4,2,0,0.1711111111111111,3,3,15.0,1,0,0.16666666666666666,0.0,,,,999.0,3.0,True
S178,Nora Al-Juhani,C05,facilitator8@noon.com,11,+966501234678,80,Standard,True,2025-10-10,78.0,1,1,,,True,6,5,5,88.2,19.8,99,0,0.98,3,3,87.66666666666667,58,0,0.9740740740740741,0.0,,,,999.0,2.0,False
S179,Hassan Al-Balawi,C05,facilitator8@noon.com,10,+966501234679,55,Remedial,True,2025-10-10,49.0,1,1,,,True,6,5,5,37.0,7.4,37,0,0.4111111111111111,3,3,37.666666666666664,19,0,0.4185185185185185,2.0,2025-10-14,علي لسا يركز على الكمية. لازم نكون اوضح معاه,"10-03: علي يركز على الكمية ويهمل النوعية. لازم نوضح الفرق
10-14: علي لسا يركز على الكمية. لازم نكون اوضح معاه",0.0,6.0,True
S180,Amal Al-Subai,C05,facilitator8@noon.com,11,+966501234680,79,Standard,True,2025-10-10,77.0,1,1,,,True,6,5,5,88.2,18.0,90,0,0.98,3,3,87.66666666666667,52,0,0.9740740740740741,0.0,,,,999.0,2.0,False
S181,Yousef Al-Faraj,C05,facilitator8@noon.com,10,+966501234681,84,Standard,True,2025-10-10,82.0,1,1,,,True,6,5,5,89.0,22.2,111,0,0.9888888888888889,3,3,89.0,65,0,0.9888888888888889,0.0,,,,999.0,2.0,False
S182,Layla Al-Khaldi,C05,facilitator8@noon.com,11,+966501234682,18,Remedial,True,2025-10-10,15.0,1,1,,,True,6,5,5,13.0,0.4,2,0,0.14444444444444443,3,3,12.333333333333334,1,0,0.13703703703703704,0.0,,,,999.0,3.0,True
S183,Ahmad Al-Anzi,C05,facilitator8@noon.com,10,+966501234683,79,Standard,True,2025-10-10,77.0,1,1,,,True,6,5,5,88.2,19.2,96,0,0.98,3,3,87.66666666666667,57,0,0.9740740740740741,0.0,,,,999.0,2.0,False
S184,Fatima Al-Shahrani,C05,facilitator8@noon.com,11,+966501234684,60,Remedial,True,2025-10-10,55.0,1,1,,,True,6,5,5,49.4,4.6,23,0,0.5488888888888889,3,3,50.0,13,0,0.5555555555555556,0.0,,,,999.0,5.0,True
S185,Omar Al-Qaisi,C05,facilitator8@noon.com,10,+966501234685,68,Standard,True,2025-10-10,53.0,1,1,,,True,6,5,5,88.0,0.4,2,0,0.9777777777777777,3,3,87.33333333333333,1,0,0.9703703703703703,2.0,2025-10-14,فاطمة اخر اضافه للقائمة. النمط واضح: حضور قوي، تمارين معدومة,"10-04: فاطمة تحضر بس صفر تمارين
10-14: فاطمة اخر اضافه للقائمة. النمط واضح: حضور قوي، تمارين معدومة",0.0,15.0,True
S186,Sara Al-Mutlaq,C05,facilitator8@noon.com,11,+966501234686,77,Standard,True,2025-10-10,75.0,1,1,,,True,6,5,5,88.0,17.8,89,0,0.9777777777777777,3,3,88.33333333333333,52,0,0.9814814814814814,0.0,,,,999.0,2.0,False
S187,Khalid Al-Thani,C05,facilitator8@noon.com,10,+966501234687,83,Standard,True,2025-10-10,81.0,1,1,,,True,6,5,5,89.0,23.2,116,0,0.9888888888888889,3,3,89.0,68,0,0.9888888888888889,0.0,,,,999.0,2.0,False
S188,Maryam Al-Mansour,C05,facilitator8@noon.com,11,+966501234688,16,Remedial,True,2025-10-10,13.0,1,1,,,True,6,5,5,10.6,0.4,2,0,0.11777777777777777,3,3,10.0,1,0,0.1111111111111111,0.0,,,,999.0,3.0,True
S189,Abdullah Al-Rashidi,C05,facilitator8@noon.com,10,+966501234689,78,Standard,True,2025-10-10,76.0,1,1,,,True,6,5,5,88.2,19.8,99,0,0.98,3,3,87.66666666666667,58,0,0.9740740740740741,0.0,,,,999.0,2.0,False
S190,Nora Al-Saud,C05,facilitator8@noon.com,11,+966501234690,65,Remedial,True,2025-10-10,46.0,1,1,,,True,6,5,3,13.0,1.6,8,2,0.14444444444444443,3,1,7.333333333333333,1,2,0.08148148148148147,5.0,2025-10-14,ليلى محتاجه تدخل عاجل. كانت ممتازه والحين شبه اختفت,"10-07: ليلى حضورها نزل فجأة من ٩٠ دقيقة الى ٢٠ دقيقة. شي صار؟
10-09: ليلى جت ١٨ دقيقة بس. سألتها ايش المشكلة، قالت ما في شي بس ما بينت مقتنعه
10-13: ليلى ما جت اليوم. حاولت اتصل على الام، ما ردت
10-14: لسا ما في ليلى. رسالة الواتساب ما وصلت. قلقانه مره
10-14: ليلى محتاجه تدخل عاجل. كانت ممتازه والحين شبه اختفت",0.0,19.0,True
S191,Hassan Al-Khalifa,C05,facilitator8@noon.com,10,+966501234691,54,Remedial,True,2025-10-10,47.0,1,1,,,True,6,5,5,34.6,6.2,31,0,0.3844444444444445,3,3,35.0,16,0,0.3888888888888889,2.0,2025-10-14,مريم محتاجه توجيه افضل. لازم اقعد معاها بعد الحصة,"10-04: مريم تمارينها كلها من المستوى السهل. محتاجه تنتقل للمستوى الاصعب
10-14: مريم محتاجه توجيه افضل. لازم اقعد معاها بعد الحصة",0.0,7.0,True
S192,Amal Al-Salem,C05,facilitator8@noon.com,11,+966501234692,77,Standard,True,2025-10-10,75.0,1,1,,,True,6,5,5,88.2,18.0,90,0,0.98,3,3,87.66666666666667,52,0,0.9740740740740741,0.0,,,,999.0,2.0,False
S193,Yousef Al-Harbi,C05,facilitator8@noon.com,10,+966501234693,82,Standard,True,2025-10-10,80.0,1,1,,,True,6,5,5,89.0,22.2,111,0,0.9888888888888889,3,3,89.0,65,0,0.9888888888888889,0.0,,,,999.0,2.0,False
S194,Layla Al-Mutairi,C05,facilitator8@noon.com,11,+966501234694,14,Remedial,True,2025-10-10,11.0,1,1,,,True,6,5,5,8.0,0.4,2,0,0.08888888888888889,3,3,7.666666666666667,1,0,0.08518518518518518,0.0,,,,999.0,3.0,True
S195,Ahmad Al-Dossari,C05,facilitator8@noon.com,10,+966501234695,77,Standard,True,2025-10-10,75.0,1,1,,,True,6,5,5,88.2,19.2,96,0,0.98,3,3,87.66666666666667,57,0,0.9740740740740741,0.0,,,,999.0,2.0,False
S196,Fatima Al-Ghamdi,C05,facilitator8@noon.com,11,+966501234696,52,Remedial,True,2025-10-10,45.0,1,1,,,True,6,5,5,29.4,4.4,22,0,0.32666666666666666,3,3,30.0,11,0,0.3333333333333333,2.0,2025-10-14,سارة الحالة صعبة. مو مستجيبة للتوجيهات,"10-03: سارة حالة اخرى من نفس المشكلة. النمط واضح عند عدة طلاب
10-14: سارة الحالة صعبة. مو مستجيبة للتوجيهات",0.0,7.0,True
S197,Omar Al-Qahtani,C05,facilitator8@noon.com,10,+966501234697,76,Standard,True,2025-10-10,74.0,1,1,,,True,6,5,5,88.2,18.0,90,0,0.98,3,3,87.66666666666667,52,0,0.9740740740740741,0.0,,,,999.0,2.0,False
S198,Sara Al-Shammari,C05,facilitator8@noon.com,11,+966501234698,81,Standard,True,2025-10-10,79.0,1,1,,,True,6,5,5,89.0,22.2,111,0,0.9888888888888889,3,3,89.0,65,0,0.9888888888888889,0.0,,,,999.0,2.0,False
S199,Khalid Al-Zahrani,C05,facilitator8@noon.com,10,+966501234699,12,Remedial,True,2025-10-10,9.0,1,1,,,True,6,5,5,5.4,0.4,2,0,0.060000000000000005,3,3,5.0,1,0,0.05555555555555555,0.0,,,,999.0,3.0,True
S200,Maryam Al-Maliki,C05,facilitator8@noon.com,11,+966501234700,76,Standard,True,2025-10-10,74.0,1,1,,,True,6,5,5,88.2,19.2,96,0,0.98,3,3,87.66666666666667,57,0,0.9740740740740741,0.0,,,,999.0,2.0,False
